EmployeeID,Name,Age,Salary,Department
8270,Employee_0,56.0,48680.0,Marketing
1860,Employee_1,22.0,111295.0,Sales
6390,Employee_2,56.0,51111.0,Marketing
6191,Employee_3,58.0,77504.0,Engineering
6734,Employee_4,35.0,41802.0,HR
7265,Employee_5,40.03333333333333,48155.0,Engineering
1466,Employee_6,40.03333333333333,113656.0,Sales
5426,Employee_7,26.0,79384.0,Engineering
6578,Employee_8,47.0,87254.0,Engineering
9322,Employee_9,35.0,61918.0,Sales
2685,Employee_10,48.0,100713.0,Marketing
1769,Employee_11,30.0,70306.0,Engineering
7949,Employee_12,36.0,56646.0,Marketing
3433,Employee_13,36.0,86843.0,Engineering
6311,Employee_14,47.0,56371.0,Engineering
6051,Employee_15,34.0,117371.0,Sales
7420,Employee_16,53.0,42049.0,Engineering
2184,Employee_17,53.0,71616.0,Sales
5555,Employee_18,25.0,60932.0,Engineering
4385,Employee_19,51.0,69855.0,Sales
7396,Employee_20,58.0,101434.0,Sales
9666,Employee_21,44.0,112694.0,Engineering
3558,Employee_22,36.0,83016.0,Engineering
8849,Employee_23,50.0,47400.0,Engineering
3047,Employee_24,40.03333333333333,82642.0,HR
3747,Employee_25,34.0,55151.0,Marketing
1189,Employee_26,53.0,91407.0,HR
3734,Employee_27,28.0,106690.0,HR
4005,Employee_28,43.0,44499.0,Sales
5658,Employee_29,49.0,46295.0,Engineering
2899,Employee_30,23.0,99040.0,Marketing
8734,Employee_31,27.0,52183.0,Sales
2267,Employee_32,49.0,69299.0,HR
2528,Employee_33,49.0,52874.0,Engineering
4556,Employee_34,41.0,72711.0,Sales
4890,Employee_35,51.0,45539.0,Engineering
9838,Employee_36,32.0,93351.0,Sales
6393,Employee_37,49.0,101267.0,Engineering
9792,Employee_38,46.0,88354.0,HR
9433,Employee_39,54.0,42557.0,Marketing
8513,Employee_40,22.0,78360.0,HR
3612,Employee_41,48.0,42200.0,Marketing
8041,Employee_42,34.0,108497.0,Engineering
7235,Employee_43,24.0,86975.0,Sales
6486,Employee_44,27.0,61357.0,HR
8099,Employee_45,29.0,117505.0,Marketing
1775,Employee_46,48.0,42869.0,HR
9226,Employee_47,30.0,101135.0,Engineering
4152,Employee_48,58.0,90108.0,HR
2585,Employee_49,54.0,78467.0,Marketing
4943,Employee_50,45.0,63328.0,Marketing
8555,Employee_51,36.0,43987.0,Engineering
4073,Employee_52,53.0,98871.0,Marketing
2021,Employee_53,53.0,62399.0,Engineering
4843,Employee_54,45.0,86214.0,Marketing
8989,Employee_55,33.0,110271.0,Sales
7873,Employee_56,23.0,84064.0,Sales
6675,Employee_57,24.0,110091.0,Sales
1161,Employee_58,58.0,80818.0,Marketing
5297,Employee_59,38.0,85525.0,Engineering
1995,Employee_60,23.0,59830.0,Engineering
8629,Employee_61,23.0,57429.0,Marketing
2016,Employee_62,49.0,46893.0,Sales
8869,Employee_63,44.0,119909.0,Sales
7439,Employee_64,58.0,87333.0,Engineering
8892,Employee_65,53.0,43436.0,Sales
7863,Employee_66,54.0,114290.0,Engineering
8916,Employee_67,40.03333333333333,116213.0,Engineering
9529,Employee_68,40.0,45895.0,Engineering
1878,Employee_69,23.0,59738.0,Engineering
5887,Employee_70,47.0,70746.0,HR
5859,Employee_71,40.03333333333333,89377.0,Engineering
7331,Employee_72,27.0,88404.0,Engineering
9571,Employee_73,40.03333333333333,94045.0,Engineering
9684,Employee_74,25.0,79790.0,Engineering
8208,Employee_75,40.03333333333333,45600.0,Engineering
6276,Employee_76,38.0,80764.0,Marketing
3062,Employee_77,59.0,114543.0,Engineering
1064,Employee_78,45.0,85714.0,Engineering
9006,Employee_79,26.0,96835.0,Sales
3568,Employee_80,55.0,113744.0,Engineering
6463,Employee_81,27.0,96491.0,Sales
3027,Employee_82,43.0,58589.0,Marketing
3695,Employee_83,32.0,83484.0,HR
6258,Employee_84,37.0,76212.0,HR
6618,Employee_85,40.03333333333333,83525.0,Marketing
7736,Employee_86,30.0,87202.0,Engineering
1391,Employee_87,27.0,72635.0,Marketing
6892,Employee_88,37.0,103208.0,Marketing
4561,Employee_89,50.0,73828.0,Marketing
7184,Employee_90,24.0,58711.0,HR
4099,Employee_91,41.0,43420.0,Sales
7278,Employee_92,40.03333333333333,40301.0,Marketing
9392,Employee_93,40.0,85236.0,Engineering
4104,Employee_94,47.0,106235.0,HR
8215,Employee_95,24.0,94240.0,Marketing
3454,Employee_96,40.0,105726.0,Marketing
9996,Employee_97,41.0,50492.0,Engineering
3731,Employee_98,40.03333333333333,46102.0,Sales
9154,Employee_99,28.0,90336.0,Sales
